file_name,answer
00001,샘플
00002,샘플
00003,샘플
00004,샘플
00005,샘플
00006,샘플
00007,샘플
00008,샘플
00009,샘플
00010,샘플
00011,샘플
00012,샘플
00013,샘플
00014,샘플
00015,샘플
00016,샘플
00017,샘플
00018,샘플
00019,샘플
00020,샘플
00021,샘플
00022,샘플
00023,샘플
00024,샘플
00025,샘플
00026,샘플
00027,샘플
00028,샘플
00029,샘플
00030,샘플
00031,샘플
00032,샘플
00033,샘플
00034,샘플
00035,샘플
00036,샘플
00037,샘플
00038,샘플
00039,샘플
00040,샘플
00041,샘플
00042,샘플
00043,샘플
00044,샘플
00045,샘플
00046,샘플
00047,샘플
00048,샘플
00049,샘플
00050,샘플
00051,샘플
00052,샘플
00053,샘플
00054,샘플
00055,샘플
00056,샘플
00057,샘플
00058,샘플
00059,샘플
00060,샘플
00061,샘플
00062,샘플
00063,샘플
00064,샘플
00065,샘플
00066,샘플
00067,샘플
00068,샘플
00069,샘플
00070,샘플
00071,샘플
00072,샘플
00073,샘플
00074,샘플
00075,샘플
00076,샘플
00077,샘플
00078,샘플
00079,샘플
00080,샘플
00081,샘플
00082,샘플
00083,샘플
00084,샘플
00085,샘플
00086,샘플
00087,샘플
00088,샘플
00089,샘플
00090,샘플
00091,샘플
00092,샘플
00093,샘플
00094,샘플
00095,샘플
00096,샘플
00097,샘플
00098,샘플
00099,샘플
00100,샘플
00101,샘플
00102,샘플
00103,샘플
00104,샘플
00105,샘플
00106,샘플
00107,샘플
00108,샘플
00109,샘플
00110,샘플
00111,샘플
00112,샘플
00113,샘플
00114,샘플
00115,샘플
00116,샘플
00117,샘플
00118,샘플
00119,샘플
00120,샘플
00121,샘플
00122,샘플
00123,샘플
00124,샘플
00125,샘플
00126,샘플
00127,샘플
00128,샘플
00129,샘플
00130,샘플
00131,샘플
00132,샘플
00133,샘플
00134,샘플
00135,샘플
00136,샘플
00137,샘플
00138,샘플
00139,샘플
00140,샘플
00141,샘플
00142,샘플
00143,샘플
00144,샘플
00145,샘플
00146,샘플
00147,샘플
00148,샘플
00149,샘플
00150,샘플
00151,샘플
00152,샘플
00153,샘플
00154,샘플
00155,샘플
00156,샘플
00157,샘플
00158,샘플
00159,샘플
00160,샘플
00161,샘플
00162,샘플
00163,샘플
00164,샘플
00165,샘플
00166,샘플
00167,샘플
00168,샘플
00169,샘플
00170,샘플
00171,샘플
00172,샘플
00173,샘플
00174,샘플
00175,샘플
00176,샘플
00177,샘플
00178,샘플
00179,샘플
00180,샘플
00181,샘플
00182,샘플
00183,샘플
00184,샘플
00185,샘플
00186,샘플
00187,샘플
00188,샘플
00189,샘플
00190,샘플
00191,샘플
00192,샘플
00193,샘플
00194,샘플
00195,샘플
00196,샘플
00197,샘플
00198,샘플
00199,샘플
00200,샘플
00201,샘플
00202,샘플
00203,샘플
00204,샘플
00205,샘플
00206,샘플
00207,샘플
00208,샘플
00209,샘플
00210,샘플
00211,샘플
00212,샘플
00213,샘플
00214,샘플
00215,샘플
00216,샘플
00217,샘플
00218,샘플
00219,샘플
00220,샘플
00221,샘플
00222,샘플
00223,샘플
00224,샘플
00225,샘플
00226,샘플
00227,샘플
00228,샘플
00229,샘플
00230,샘플
00231,샘플
00232,샘플
00233,샘플
00234,샘플
00235,샘플
00236,샘플
00237,샘플
00238,샘플
00239,샘플
00240,샘플
00241,샘플
00242,샘플
00243,샘플
00244,샘플
00245,샘플
00246,샘플
00247,샘플
00248,샘플
00249,샘플
00250,샘플
00251,샘플
00252,샘플
00253,샘플
00254,샘플
00255,샘플
00256,샘플
00257,샘플
00258,샘플
00259,샘플
00260,샘플
00261,샘플
00262,샘플
00263,샘플
00264,샘플
00265,샘플
00266,샘플
00267,샘플
00268,샘플
00269,샘플
00270,샘플
00271,샘플
00272,샘플
00273,샘플
00274,샘플
00275,샘플
00276,샘플
00277,샘플
00278,샘플
00279,샘플
00280,샘플
00281,샘플
00282,샘플
00283,샘플
00284,샘플
00285,샘플
00286,샘플
00287,샘플
00288,샘플
00289,샘플
00290,샘플
00291,샘플
00292,샘플
00293,샘플
00294,샘플
00295,샘플
00296,샘플
00297,샘플
00298,샘플
00299,샘플
00300,샘플
00301,샘플
00302,샘플
00303,샘플
00304,샘플
00305,샘플
00306,샘플
00307,샘플
00308,샘플
00309,샘플
00310,샘플
00311,샘플
00312,샘플
00313,샘플
00314,샘플
00315,샘플
00316,샘플
00317,샘플
00318,샘플
00319,샘플
00320,샘플
00321,샘플
00322,샘플
00323,샘플
00324,샘플
00325,샘플
00326,샘플
00327,샘플
00328,샘플
00329,샘플
00330,샘플
00331,샘플
00332,샘플
00333,샘플
00334,샘플
00335,샘플
00336,샘플
00337,샘플
00338,샘플
00339,샘플
00340,샘플
00341,샘플
00342,샘플
00343,샘플
00344,샘플
00345,샘플
00346,샘플
00347,샘플
00348,샘플
00349,샘플
00350,샘플
00351,샘플
00352,샘플
00353,샘플
00354,샘플
00355,샘플
00356,샘플
00357,샘플
00358,샘플
00359,샘플
00360,샘플
00361,샘플
00362,샘플
00363,샘플
00364,샘플
00365,샘플
00366,샘플
00367,샘플
00368,샘플
00369,샘플
00370,샘플
00371,샘플
00372,샘플
00373,샘플
00374,샘플
00375,샘플
00376,샘플
00377,샘플
00378,샘플
00379,샘플
00380,샘플
00381,샘플
00382,샘플
00383,샘플
00384,샘플
00385,샘플
00386,샘플
00387,샘플
00388,샘플
00389,샘플
00390,샘플
00391,샘플
00392,샘플
00393,샘플
00394,샘플
00395,샘플
00396,샘플
00397,샘플
00398,샘플
00399,샘플
00400,샘플
00401,샘플
00402,샘플
00403,샘플
00404,샘플
00405,샘플
00406,샘플
00407,샘플
00408,샘플
00409,샘플
00410,샘플
00411,샘플
00412,샘플
00413,샘플
00414,샘플
00415,샘플
00416,샘플
00417,샘플
00418,샘플
00419,샘플
00420,샘플
00421,샘플
00422,샘플
00423,샘플
00424,샘플
00425,샘플
00426,샘플
00427,샘플
00428,샘플
00429,샘플
00430,샘플
00431,샘플
00432,샘플
00433,샘플
00434,샘플
00435,샘플
00436,샘플
00437,샘플
00438,샘플
00439,샘플
00440,샘플
00441,샘플
00442,샘플
00443,샘플
00444,샘플
00445,샘플
00446,샘플
00447,샘플
00448,샘플
00449,샘플
00450,샘플
00451,샘플
00452,샘플
00453,샘플
00454,샘플
00455,샘플
00456,샘플
00457,샘플
00458,샘플
00459,샘플
00460,샘플
00461,샘플
00462,샘플
00463,샘플
00464,샘플
00465,샘플
00466,샘플
00467,샘플
00468,샘플
00469,샘플
00470,샘플
00471,샘플
00472,샘플
00473,샘플
00474,샘플
00475,샘플
00476,샘플
00477,샘플
00478,샘플
00479,샘플
00480,샘플
00481,샘플
00482,샘플
00483,샘플
00484,샘플
00485,샘플
00486,샘플
00487,샘플
00488,샘플
00489,샘플
00490,샘플
00491,샘플
00492,샘플
00493,샘플
00494,샘플
00495,샘플
00496,샘플
00497,샘플
00498,샘플
00499,샘플
00500,샘플
00501,샘플
00502,샘플
00503,샘플
00504,샘플
00505,샘플
00506,샘플
00507,샘플
00508,샘플
00509,샘플
00510,샘플
00511,샘플
00512,샘플
00513,샘플
00514,샘플
00515,샘플
00516,샘플
00517,샘플
00518,샘플
00519,샘플
00520,샘플
00521,샘플
00522,샘플
00523,샘플
00524,샘플
00525,샘플
00526,샘플
00527,샘플
00528,샘플
00529,샘플
00530,샘플
00531,샘플
00532,샘플
00533,샘플
00534,샘플
00535,샘플
00536,샘플
00537,샘플
00538,샘플
00539,샘플
00540,샘플
00541,샘플
00542,샘플
00543,샘플
00544,샘플
00545,샘플
00546,샘플
00547,샘플
00548,샘플
00549,샘플
00550,샘플
00551,샘플
00552,샘플
00553,샘플
00554,샘플
00555,샘플
00556,샘플
00557,샘플
00558,샘플
00559,샘플
00560,샘플
00561,샘플
00562,샘플
00563,샘플
00564,샘플
00565,샘플
00566,샘플
00567,샘플
00568,샘플
00569,샘플
00570,샘플
00571,샘플
00572,샘플
00573,샘플
00574,샘플
00575,샘플
00576,샘플
00577,샘플
00578,샘플
00579,샘플
00580,샘플
00581,샘플
00582,샘플
00583,샘플
00584,샘플
00585,샘플
00586,샘플
00587,샘플
00588,샘플
00589,샘플
00590,샘플
00591,샘플
00592,샘플
00593,샘플
00594,샘플
00595,샘플
00596,샘플
00597,샘플
00598,샘플
00599,샘플
00600,샘플
00601,샘플
00602,샘플
00603,샘플
00604,샘플
00605,샘플
00606,샘플
00607,샘플
00608,샘플
00609,샘플
00610,샘플
00611,샘플
00612,샘플
00613,샘플
00614,샘플
00615,샘플
00616,샘플
00617,샘플
00618,샘플
00619,샘플
00620,샘플
00621,샘플
00622,샘플
00623,샘플
00624,샘플
00625,샘플
00626,샘플
00627,샘플
00628,샘플
00629,샘플
00630,샘플
00631,샘플
00632,샘플
00633,샘플
00634,샘플
00635,샘플
00636,샘플
00637,샘플
00638,샘플
00639,샘플
00640,샘플
00641,샘플
00642,샘플
00643,샘플
00644,샘플
00645,샘플
00646,샘플
00647,샘플
00648,샘플
00649,샘플
00650,샘플
00651,샘플
00652,샘플
00653,샘플
00654,샘플
00655,샘플
00656,샘플
00657,샘플
00658,샘플
00659,샘플
00660,샘플
00661,샘플
00662,샘플
00663,샘플
00664,샘플
00665,샘플
00666,샘플
00667,샘플
00668,샘플
00669,샘플
00670,샘플
00671,샘플
00672,샘플
00673,샘플
00674,샘플
00675,샘플
00676,샘플
00677,샘플
00678,샘플
00679,샘플
00680,샘플
00681,샘플
00682,샘플
00683,샘플
00684,샘플
00685,샘플
00686,샘플
00687,샘플
00688,샘플
00689,샘플
00690,샘플
00691,샘플
00692,샘플
00693,샘플
00694,샘플
00695,샘플
00696,샘플
00697,샘플
00698,샘플
00699,샘플
00700,샘플
00701,샘플
00702,샘플
00703,샘플
00704,샘플
00705,샘플
00706,샘플
00707,샘플
00708,샘플
00709,샘플
00710,샘플
00711,샘플
00712,샘플
00713,샘플
00714,샘플
00715,샘플
00716,샘플
00717,샘플
00718,샘플
00719,샘플
00720,샘플
00721,샘플
00722,샘플
00723,샘플
00724,샘플
00725,샘플
00726,샘플
00727,샘플
00728,샘플
00729,샘플
00730,샘플
00731,샘플
00732,샘플
00733,샘플
00734,샘플
00735,샘플
00736,샘플
00737,샘플
00738,샘플
00739,샘플
00740,샘플
00741,샘플
00742,샘플
00743,샘플
00744,샘플
00745,샘플
00746,샘플
00747,샘플
00748,샘플
00749,샘플
00750,샘플
00751,샘플
00752,샘플
00753,샘플
00754,샘플
00755,샘플
00756,샘플
00757,샘플
00758,샘플
00759,샘플
00760,샘플
00761,샘플
00762,샘플
00763,샘플
00764,샘플
00765,샘플
00766,샘플
00767,샘플
00768,샘플
00769,샘플
00770,샘플
00771,샘플
00772,샘플
00773,샘플
00774,샘플
00775,샘플
00776,샘플
00777,샘플
00778,샘플
00779,샘플
00780,샘플
00781,샘플
00782,샘플
00783,샘플
00784,샘플
00785,샘플
00786,샘플
00787,샘플
00788,샘플
00789,샘플
00790,샘플
00791,샘플
00792,샘플
00793,샘플
00794,샘플
00795,샘플
00796,샘플
00797,샘플
00798,샘플
00799,샘플
00800,샘플
00801,샘플
00802,샘플
00803,샘플
00804,샘플
00805,샘플
00806,샘플
00807,샘플
00808,샘플
00809,샘플
00810,샘플
00811,샘플
00812,샘플
00813,샘플
00814,샘플
00815,샘플
00816,샘플
00817,샘플
00818,샘플
00819,샘플
00820,샘플
00821,샘플
00822,샘플
00823,샘플
00824,샘플
00825,샘플
00826,샘플
00827,샘플
00828,샘플
00829,샘플
00830,샘플
00831,샘플
00832,샘플
00833,샘플
00834,샘플
00835,샘플
00836,샘플
00837,샘플
00838,샘플
00839,샘플
00840,샘플
00841,샘플
00842,샘플
00843,샘플
00844,샘플
00845,샘플
00846,샘플
00847,샘플
00848,샘플
00849,샘플
00850,샘플
00851,샘플
00852,샘플
00853,샘플
00854,샘플
00855,샘플
00856,샘플
00857,샘플
00858,샘플
00859,샘플
00860,샘플
00861,샘플
00862,샘플
00863,샘플
00864,샘플
00865,샘플
00866,샘플
00867,샘플
00868,샘플
00869,샘플
00870,샘플
00871,샘플
00872,샘플
00873,샘플
00874,샘플
00875,샘플
00876,샘플
00877,샘플
00878,샘플
00879,샘플
00880,샘플
00881,샘플
00882,샘플
00883,샘플
00884,샘플
00885,샘플
00886,샘플
00887,샘플
00888,샘플
00889,샘플
00890,샘플
00891,샘플
00892,샘플
00893,샘플
00894,샘플
00895,샘플
00896,샘플
00897,샘플
00898,샘플
00899,샘플
00900,샘플
00901,샘플
00902,샘플
00903,샘플
00904,샘플
00905,샘플
00906,샘플
00907,샘플
00908,샘플
00909,샘플
00910,샘플
00911,샘플
00912,샘플
00913,샘플
00914,샘플
00915,샘플
00916,샘플
00917,샘플
00918,샘플
00919,샘플
00920,샘플
00921,샘플
00922,샘플
00923,샘플
00924,샘플
00925,샘플
00926,샘플
00927,샘플
00928,샘플
00929,샘플
00930,샘플
00931,샘플
00932,샘플
00933,샘플
00934,샘플
00935,샘플
00936,샘플
00937,샘플
00938,샘플
00939,샘플
00940,샘플
00941,샘플
00942,샘플
00943,샘플
00944,샘플
00945,샘플
00946,샘플
00947,샘플
00948,샘플
00949,샘플
00950,샘플
00951,샘플
00952,샘플
00953,샘플
00954,샘플
00955,샘플
00956,샘플
00957,샘플
00958,샘플
00959,샘플
00960,샘플
00961,샘플
00962,샘플
00963,샘플
00964,샘플
00965,샘플
00966,샘플
00967,샘플
00968,샘플
00969,샘플
00970,샘플
00971,샘플
00972,샘플
00973,샘플
00974,샘플
00975,샘플
00976,샘플
00977,샘플
00978,샘플
00979,샘플
00980,샘플
00981,샘플
00982,샘플
00983,샘플
00984,샘플
00985,샘플
00986,샘플
00987,샘플
00988,샘플
00989,샘플
00990,샘플
00991,샘플
00992,샘플
00993,샘플
00994,샘플
00995,샘플
00996,샘플
00997,샘플
00998,샘플
00999,샘플
01000,샘플
